SourceFile,SHA256_Hash,Chain_Of_Custody
C:/Users/REKALAB-GPU4/Documents/ALICE DSP/new updated dataset/BN03/2026_05_22_101041_00.MP4,39c65b87ba7914059a8487c873cdd018d9f76c039be8bdd1811f43c76116d80c,VERIFIED_AT_COMBINATION
C:/Users/REKALAB-GPU4/Documents/ALICE DSP/new updated dataset/BN03/2026_05_22_101342_00.MP4,16512a0441ac0d4c9fa6d6c385c3918b778d8efa32db6349140776a44fb3521f,VERIFIED_AT_COMBINATION
C:/Users/REKALAB-GPU4/Documents/ALICE DSP/new updated dataset/BN03/2026_05_22_101642_00.MP4,5b31f0eb076db52f9e6355144092a5d8f5eca4b970297180ae8d9c25185f17aa,VERIFIED_AT_COMBINATION
C:/Users/REKALAB-GPU4/Documents/ALICE DSP/new updated dataset/BN03/2026_05_22_102042_00.MP4,7204294174880eac6adae5adccbafb0b7f1c45864836595e1e379166af25174e,VERIFIED_AT_COMBINATION
C:/Users/REKALAB-GPU4/Documents/ALICE DSP/new updated dataset/BN03/2026_05_22_102342_00.MP4,b6289aa2432d990440a57454a3e912e53ce004a4f0eb5d88f189efaee0db6d55,VERIFIED_AT_COMBINATION
C:/Users/REKALAB-GPU4/Documents/ALICE DSP/new updated dataset/BN03/2026_05_22_102642_00.MP4,f30f590aa857621eb68f9c6c4dc7311ebdc2c7bfcb02e30cee9d1c92717a9bb8,VERIFIED_AT_COMBINATION
C:/Users/REKALAB-GPU4/Documents/ALICE DSP/new updated dataset/BN03/2026_05_22_103351_00.MP4,fcddd87043ec4d8c46ca9bc463de784ad2bc0110f968a4cf695f444908dcc8f8,VERIFIED_AT_COMBINATION
C:/Users/REKALAB-GPU4/Documents/ALICE DSP/new updated dataset/BN03/2026_05_22_103651_00.MP4,0984234b7e268680ef5632b51c0e4cc251d29f1e2a26a4f764c7b9e6195bae76,VERIFIED_AT_COMBINATION
C:/Users/REKALAB-GPU4/Documents/ALICE DSP/new updated dataset/BN03/2026_05_22_103951_00.MP4,a0d30c87c20552fd69e7bf41396771a0d2905b83d3eaeedc4e99c3038e6d445f,VERIFIED_AT_COMBINATION
C:/Users/REKALAB-GPU4/Documents/ALICE DSP/new updated dataset/BN03/2026_05_22_104251_00.MP4,1b47ae93e940ab267441e59723442b7f33ddb7af9dd1f33cff6b47918313659e,VERIFIED_AT_COMBINATION
C:/Users/REKALAB-GPU4/Documents/ALICE DSP/new updated dataset/BN03/2026_05_22_104551_00.MP4,c6c89f54c6f8b4d46687522597893caad56951cb54fe85bad6a920e2dc3efb27,VERIFIED_AT_COMBINATION
C:/Users/REKALAB-GPU4/Documents/ALICE DSP/new updated dataset/BN03/2026_05_22_105049_00.MP4,4e11f6a7cefbdc4b40cf63caf7500e389c4899978e71b05edf9732f21df59175,VERIFIED_AT_COMBINATION
C:/Users/REKALAB-GPU4/Documents/ALICE DSP/new updated dataset/BN03/2026_05_22_105349_00.MP4,167cfedf81dc9d07ff4b5d31697a1611849f2ad0bb43d0dbce0c2c0cf8d48a94,VERIFIED_AT_COMBINATION
C:/Users/REKALAB-GPU4/Documents/ALICE DSP/new updated dataset/BN03/2026_05_22_105649_00.MP4,ac1d592cbdb836c75c0da693f26f3723c9bc9381782efa7d07ee1e967e94b424,VERIFIED_AT_COMBINATION
C:/Users/REKALAB-GPU4/Documents/ALICE DSP/new updated dataset/BN03/2026_05_22_105949_00.MP4,4407dbd540d591905a3bce050a94d16ae00c2e21bfbcc429f7fa5267146e0d26,VERIFIED_AT_COMBINATION
C:/Users/REKALAB-GPU4/Documents/ALICE DSP/new updated dataset/BN03/2026_05_22_110249_00.MP4,d695707f8478c7db4a993b52efc5a44281a01a61c3da9282fb2529c10dcb1c19,VERIFIED_AT_COMBINATION
C:/Users/REKALAB-GPU4/Documents/ALICE DSP/new updated dataset/BN03/2026_05_22_110549_00.MP4,4b5f6fdf26b80bab466fa47462f1a82a60a1b06f6e03d6d0a847b82145ab081d,VERIFIED_AT_COMBINATION
C:/Users/REKALAB-GPU4/Documents/ALICE DSP/new updated dataset/BN03/2026_05_22_110633_00.MP4,f916ede17a9562662714941517fbd2592b265b48b2d0c8edb21fa736b2577cae,VERIFIED_AT_COMBINATION
C:/Users/REKALAB-GPU4/Documents/ALICE DSP/new updated dataset/BN03/2026_05_22_110933_00.MP4,37e5ee855b1d4c50a4ce36ef16a1765b26f3e9f238da33e73b7b17f4fb6dee1b,VERIFIED_AT_COMBINATION
C:/Users/REKALAB-GPU4/Documents/ALICE DSP/new updated dataset/BN03/2026_05_22_111233_00.MP4,854811ffe5467969f63ad7644448d559cfd451020ced2bd751a75732eaafc217,VERIFIED_AT_COMBINATION
C:/Users/REKALAB-GPU4/Documents/ALICE DSP/new updated dataset/BN03/2026_05_22_111302_00.MP4,88504184bfb3d95041059fe6f7b595a95445708b03de78f250c74412e47ed00b,VERIFIED_AT_COMBINATION
C:/Users/REKALAB-GPU4/Documents/ALICE DSP/new updated dataset/BN03/2026_05_22_111602_00.MP4,fe0a79e43a8c8ff6f1e8683e55662c1aee160a1b4238da04aff71870bbcaba87,VERIFIED_AT_COMBINATION
C:/Users/REKALAB-GPU4/Documents/ALICE DSP/new updated dataset/BN03/2026_05_22_111902_00.MP4,49b05f78f6af48cc21e0b2375734d97dfb34d3208914f17c3add42276d073f2d,VERIFIED_AT_COMBINATION
C:/Users/REKALAB-GPU4/Documents/ALICE DSP/new updated dataset/BN03/2026_05_22_112202_00.MP4,fe485e7a877e292af48898a82a3f24c33827f660c3983113babce59a0f5a076a,VERIFIED_AT_COMBINATION
C:/Users/REKALAB-GPU4/Documents/ALICE DSP/new updated dataset/BN03/2026_05_22_112502_00.MP4,61125833a07f3c3d14eba40a535898bde6062258c42cd0db57977166ae53a10b,VERIFIED_AT_COMBINATION
C:/Users/REKALAB-GPU4/Documents/ALICE DSP/new updated dataset/BN03/2026_05_22_112802_00.MP4,75fd004ec386b36fab0dd57d4c15f7cb74269d0518d424458f81c62818f5aab5,VERIFIED_AT_COMBINATION
C:/Users/REKALAB-GPU4/Documents/ALICE DSP/new updated dataset/BN03/2026_05_22_113102_00.MP4,4300b65003604db1af6702f2682101f1a4846edd2eafd31d688a1b6fbd18d3d3,VERIFIED_AT_COMBINATION
C:/Users/REKALAB-GPU4/Documents/ALICE DSP/new updated dataset/BN03/2026_05_22_113402_00.MP4,e9aba0c86d0bca727819bdfb77bacb58330617482fbca5391a0a646f2d47aa57,VERIFIED_AT_COMBINATION
C:/Users/REKALAB-GPU4/Documents/ALICE DSP/new updated dataset/BN03/2026_05_22_113702_00.MP4,0980678cc041111885c863816c4c576b9707c41d2f2b660ab62cb5f6e181b7d8,VERIFIED_AT_COMBINATION
C:/Users/REKALAB-GPU4/Documents/ALICE DSP/new updated dataset/BN03/2026_05_22_114002_00.MP4,8ff454ea11edce3032ad08bdbb7372152e094984c266e1d95531df2f80e8cda6,VERIFIED_AT_COMBINATION
C:/Users/REKALAB-GPU4/Documents/ALICE DSP/new updated dataset/BN03/2026_05_22_114302_00.MP4,11a728921c531c83e98e4c6f8b87c29aa979527b6bbda00e480eb405268d4b4c,VERIFIED_AT_COMBINATION
C:/Users/REKALAB-GPU4/Documents/ALICE DSP/new updated dataset/BN03/2026_05_22_114602_00.MP4,5258c2954badea41893d9246b36f3a1ab9b67662916f86661d6c9c01e442bb0c,VERIFIED_AT_COMBINATION
C:/Users/REKALAB-GPU4/Documents/ALICE DSP/new updated dataset/BN03/2026_05_22_114902_00.MP4,0981b8a1491a2836145c62d39f2c96796a1a9c220c63cd8da3ba75317dc894de,VERIFIED_AT_COMBINATION
C:/Users/REKALAB-GPU4/Documents/ALICE DSP/new updated dataset/BN03/2026_05_22_115202_00.MP4,8d7eb12764441575308288a9808f3a727783c5c69220ac56c0ddc412601b809c,VERIFIED_AT_COMBINATION
C:/Users/REKALAB-GPU4/Documents/ALICE DSP/new updated dataset/BN03/2026_05_22_115502_00.MP4,7f48e6a9b75a173ed878435062355764f89c5fab0afa56b6f47218742e9fe3df,VERIFIED_AT_COMBINATION
C:/Users/REKALAB-GPU4/Documents/ALICE DSP/new updated dataset/BN03/2026_05_22_115802_00.MP4,73207d094d91a497889b72b8433ffbf9e66a5f189faa49b3d6db308fe80365db,VERIFIED_AT_COMBINATION
C:/Users/REKALAB-GPU4/Documents/ALICE DSP/new updated dataset/BN03/2026_05_22_120102_00.MP4,d8221cff20101f7bede931099e35bd85f389eb32d0b260de2504a104629d5e60,VERIFIED_AT_COMBINATION
C:/Users/REKALAB-GPU4/Documents/ALICE DSP/new updated dataset/BN03/2026_05_22_120402_00.MP4,a93d9408b6e58f6ce1c70756479f8799b0f265d83f4bc5dd993d79497e4fad15,VERIFIED_AT_COMBINATION
C:/Users/REKALAB-GPU4/Documents/ALICE DSP/new updated dataset/BN03/2026_05_22_120702_00.MP4,7957be79345029a9520d67910520cad817fc471b27bbf0b2fd7b72315db5123d,VERIFIED_AT_COMBINATION
C:/Users/REKALAB-GPU4/Documents/ALICE DSP/new updated dataset/BN03/2026_05_22_121002_00.MP4,4c5ae8d2d7461986eae55812b9d12a026052c76f8883371e9558fa7d0a287864,VERIFIED_AT_COMBINATION
C:/Users/REKALAB-GPU4/Documents/ALICE DSP/new updated dataset/BN03/2026_05_22_121302_00.MP4,e9ea06558d0bcab99e09afd4da7861c103e622cc8c7d21e59a15462a26d2ed29,VERIFIED_AT_COMBINATION
C:/Users/REKALAB-GPU4/Documents/ALICE DSP/new updated dataset/BN03/2026_05_22_121602_00.MP4,e536731737c2277590a0d1c2f1fcdc7ab4128573968f35ca58652994a5285487,VERIFIED_AT_COMBINATION
C:/Users/REKALAB-GPU4/Documents/ALICE DSP/new updated dataset/BN03/2026_05_22_121902_00.MP4,034816a1a207f3342695c57c6f1d0b096f71aa55ca6ccd80744fcbe7b071f411,VERIFIED_AT_COMBINATION
C:/Users/REKALAB-GPU4/Documents/ALICE DSP/new updated dataset/BN03/2026_05_22_122202_00.MP4,a27edd5ff4170135516cc74f3cc38993a992b581035cc501b4b801d7151d7c94,VERIFIED_AT_COMBINATION
C:/Users/REKALAB-GPU4/Documents/ALICE DSP/new updated dataset/BN03/2026_05_22_122502_00.MP4,fc35e16970f125cc9f7bcee276ba1e79ec645fd6ff84cddad342e5cf186eb829,VERIFIED_AT_COMBINATION
C:/Users/REKALAB-GPU4/Documents/ALICE DSP/new updated dataset/BN03/2026_05_22_122802_00.MP4,782236d3effa85c86b9bc0a8df06befd0a1afce00b8094dd2a926ac2f1acbad2,VERIFIED_AT_COMBINATION
C:/Users/REKALAB-GPU4/Documents/ALICE DSP/new updated dataset/BN03/2026_05_22_123102_00.MP4,58704d09d1c1fd486d2dfbb11fbed014bd7a9a34121d513de6cfe38f9fb0724f,VERIFIED_AT_COMBINATION
C:/Users/REKALAB-GPU4/Documents/ALICE DSP/new updated dataset/BN03/2026_05_22_123206_00.MP4,60ed3697e74abde643962b361160913d168fda2b0edd4aaed32c7c858e71c713,VERIFIED_AT_COMBINATION
C:/Users/REKALAB-GPU4/Documents/ALICE DSP/new updated dataset/BN03/2026_05_22_123506_00.MP4,27e9e1e831be45e38d70b8313a0e26e0077a6bb18a41f43eef0f290556b950af,VERIFIED_AT_COMBINATION
C:/Users/REKALAB-GPU4/Documents/ALICE DSP/new updated dataset/BN03/2026_05_22_123806_00.MP4,89da6364e074e8da571179d0250393593988dbd9c0b20e462d8cc11fa024dba0,VERIFIED_AT_COMBINATION
C:/Users/REKALAB-GPU4/Documents/ALICE DSP/new updated dataset/BN03/2026_05_22_124106_00.MP4,1c0b3969fc7e12c39de65d9c4b3ed798b9ee9becb71a7fb2c1b9e9895e2eb6a0,VERIFIED_AT_COMBINATION
C:/Users/REKALAB-GPU4/Documents/ALICE DSP/new updated dataset/BN03/2026_05_22_124406_00.MP4,fcbe99142b3081c5c8fd0cc690c60a3219061ffdf6b92cbd25c52ca375541563,VERIFIED_AT_COMBINATION
C:/Users/REKALAB-GPU4/Documents/ALICE DSP/new updated dataset/BN03/2026_05_22_124706_00.MP4,8a1a310a718fd42c98bab51953537e487a3832cf4eda0c5a4934a36137e87de8,VERIFIED_AT_COMBINATION
C:/Users/REKALAB-GPU4/Documents/ALICE DSP/new updated dataset/BN03/2026_05_22_125006_00.MP4,6e6f158fb843d5eac56c82aa016a32cb8f6a54e9e3ac4199bdc37b54a54a57bd,VERIFIED_AT_COMBINATION
C:/Users/REKALAB-GPU4/Documents/ALICE DSP/new updated dataset/BN03/2026_05_22_125306_00.MP4,7e40b37f719ea683c9913d50ee8d9c0438609bdc271c48d7fa2245abca8e5b4b,VERIFIED_AT_COMBINATION
C:/Users/REKALAB-GPU4/Documents/ALICE DSP/new updated dataset/BN03/2026_05_22_125606_00.MP4,ba83daea287cf3b5a8710ce61ef2838a86a4fb69cc1164abfaaf30dcdf8f8294,VERIFIED_AT_COMBINATION
C:/Users/REKALAB-GPU4/Documents/ALICE DSP/new updated dataset/BN03/2026_05_22_125906_00.MP4,b4fcf956923e15a3dc5c89f3210d36c0ce525c01b29a4995e24ba6197db8ecb6,VERIFIED_AT_COMBINATION
C:/Users/REKALAB-GPU4/Documents/ALICE DSP/new updated dataset/BN03/2026_05_22_130206_00.MP4,7650dbafb4ed3aade499c126b0b5161b11a43cd46d84319d64c79760d6bf5215,VERIFIED_AT_COMBINATION
C:/Users/REKALAB-GPU4/Documents/ALICE DSP/new updated dataset/BN03/2026_05_22_130506_00.MP4,ea9234402eac4fdaddf03c9499b4234a5ec498197f2d1e253afd0da79f5c9ca4,VERIFIED_AT_COMBINATION
C:/Users/REKALAB-GPU4/Documents/ALICE DSP/new updated dataset/BN03/2026_05_22_130806_00.MP4,24bf6745ef33bb921ed5dc6f2174a3414409755bf6bb7536a17fbd1779dad8b4,VERIFIED_AT_COMBINATION
C:/Users/REKALAB-GPU4/Documents/ALICE DSP/new updated dataset/BN03/2026_05_22_131106_00.MP4,fc8d603b3444b0e82b08463afbfb7325781c6175c0d4b0193047becfc88f9f0d,VERIFIED_AT_COMBINATION
C:/Users/REKALAB-GPU4/Documents/ALICE DSP/new updated dataset/BN03/2026_05_22_140128_00.MP4,20fe317daa3b4fa610f5799ca07f443783eda97d4245bbc38cc3b14b970b8cd6,VERIFIED_AT_COMBINATION
C:/Users/REKALAB-GPU4/Documents/ALICE DSP/new updated dataset/BN03/2026_05_22_140427_00.MP4,b4d1f1a803d76ad4f1828025c56d0ed9837ba19a1d91e7b8d418686680c6b715,VERIFIED_AT_COMBINATION
C:/Users/REKALAB-GPU4/Documents/ALICE DSP/new updated dataset/BN03/2026_05_22_140727_00.MP4,0dd943fc3032189ce6c91c2c388dd96e294626f4fd0a0da83041c46d9fc2b892,VERIFIED_AT_COMBINATION
C:/Users/REKALAB-GPU4/Documents/ALICE DSP/new updated dataset/BN03/2026_05_22_141027_00.MP4,d3697449ed54d53004dc3326fd290b65f391ffa4853adfeb65bc0d6fcfe3584c,VERIFIED_AT_COMBINATION
C:/Users/REKALAB-GPU4/Documents/ALICE DSP/new updated dataset/BN03/2026_05_22_141327_00.MP4,fa52ad3178d9ee374820cefb467ce825e22c4036b4bb36817c3b1b8326f1ea09,VERIFIED_AT_COMBINATION
C:/Users/REKALAB-GPU4/Documents/ALICE DSP/new updated dataset/BN03/2026_05_22_141627_00.MP4,4fb8cb416ee0371bdd545a33a1b55afe3a505ce6eafff7c57dd2e67f18c02234,VERIFIED_AT_COMBINATION
C:/Users/REKALAB-GPU4/Documents/ALICE DSP/new updated dataset/BN03/2026_05_22_141927_00.MP4,18a6c39333032059f3966c1f8d626e5071e521866f2ae047d0be35fc2a47ea96,VERIFIED_AT_COMBINATION
C:/Users/REKALAB-GPU4/Documents/ALICE DSP/new updated dataset/BN03/2026_05_22_142227_00.MP4,4574336823aeec72f045e271d23f4fcd74918b5ebc2d721566de412b8ff1669c,VERIFIED_AT_COMBINATION
C:/Users/REKALAB-GPU4/Documents/ALICE DSP/new updated dataset/BN03/2026_05_22_142527_00.MP4,95e9ea8e4e51f09d3febe30a3f533ffef5fe014afd7a1835471e565cf09d7eb4,VERIFIED_AT_COMBINATION
C:/Users/REKALAB-GPU4/Documents/ALICE DSP/new updated dataset/BN03/2026_05_22_142842_00.MP4,b84e15931375ef7fee402b7a01f9e396608405fe1418c6c5df6a72c2e7c5c2a9,VERIFIED_AT_COMBINATION
C:/Users/REKALAB-GPU4/Documents/ALICE DSP/new updated dataset/BN03/2026_05_22_143142_00.MP4,e4891aec30621a4f5f00d93ce80780eb0c8cdee570fabf9279a1e2b1a0ee1014,VERIFIED_AT_COMBINATION
C:/Users/REKALAB-GPU4/Documents/ALICE DSP/new updated dataset/GS63H/2026_0520_135614_006.MP4,202fb25509dcd12356d6ccebc361a37c4a81a499ad449b2ea20e9cd1f5a69e46,VERIFIED_AT_COMBINATION
C:/Users/REKALAB-GPU4/Documents/ALICE DSP/new updated dataset/GS63H/2026_0520_135914_007.MP4,40e942cc785ffdd496f82fd0ef7b26b010c2c6335f5e4b8ae7d3ac3614177a9a,VERIFIED_AT_COMBINATION
C:/Users/REKALAB-GPU4/Documents/ALICE DSP/new updated dataset/GS63H/2026_0520_140214_008.MP4,ff400085bf8d732045284c52c180befa511016ff62774808f4e3d7a3f629c8f8,VERIFIED_AT_COMBINATION
C:/Users/REKALAB-GPU4/Documents/ALICE DSP/new updated dataset/GS63H/2026_0520_140514_009.MP4,b47a8fa22c29078070a0a9eda33bb65b7009afae0afa5dd21d93f17885aaa9c3,VERIFIED_AT_COMBINATION
C:/Users/REKALAB-GPU4/Documents/ALICE DSP/new updated dataset/GS63H/2026_0520_140814_010.MP4,fe540ade22235f5555ef45b942318e8da277d4e549353d6dca195cc4ab257e5d,VERIFIED_AT_COMBINATION
C:/Users/REKALAB-GPU4/Documents/ALICE DSP/new updated dataset/GS63H/2026_0520_141114_011.MP4,9f0bc914f964b6d67c78cf34a2db09015b80bdcce0f271050e3eaf68fb16c3e0,VERIFIED_AT_COMBINATION
C:/Users/REKALAB-GPU4/Documents/ALICE DSP/new updated dataset/GS63H/2026_0520_143204_012.MP4,4a95e5ce2869752ebc570cd0a5f27a768c9c759a6c4f0aab5676164a7f789b4b,VERIFIED_AT_COMBINATION
C:/Users/REKALAB-GPU4/Documents/ALICE DSP/new updated dataset/GS63H/2026_0520_143505_013.MP4,01f62b06d94d8a437fe7b106ff7451b664b23c4a66b0f2038a388371ad79ea1a,VERIFIED_AT_COMBINATION
C:/Users/REKALAB-GPU4/Documents/ALICE DSP/new updated dataset/GS63H/2026_0520_143805_014.MP4,c665fe5b7e2ae854787fa9011d08da36867b6206a58c28b3453ffa5e7df17555,VERIFIED_AT_COMBINATION
C:/Users/REKALAB-GPU4/Documents/ALICE DSP/new updated dataset/GS63H/2026_0520_144105_015.MP4,d1c9b0133466227661740976fb7c70fbd97a74dadb480cbd3aa892a43aa5c021,VERIFIED_AT_COMBINATION
C:/Users/REKALAB-GPU4/Documents/ALICE DSP/new updated dataset/GS63H/2026_0520_144405_016.MP4,f80f978ddaad9ba914ca5255e5041bb9bb91e1563622abbbfd62c8046ab34448,VERIFIED_AT_COMBINATION
C:/Users/REKALAB-GPU4/Documents/ALICE DSP/new updated dataset/GS63H/2026_0520_144705_017.MP4,bc053792760286dd5d2b149050b521b16d720536c05504fa78a6817aae38af7c,VERIFIED_AT_COMBINATION
C:/Users/REKALAB-GPU4/Documents/ALICE DSP/new updated dataset/GS63H/2026_0520_145005_018.MP4,bbc0b480a785cb2b7a54681fb83b77c47607d5f1e5c6262bc83fed4c7cddd11c,VERIFIED_AT_COMBINATION
C:/Users/REKALAB-GPU4/Documents/ALICE DSP/new updated dataset/GS63H/2026_0520_145305_019.MP4,8bd503a3351c2649946f2fea901266d151cf9ce34ab0b540191da93515c3b917,VERIFIED_AT_COMBINATION
C:/Users/REKALAB-GPU4/Documents/ALICE DSP/new updated dataset/GS63H/2026_0520_153719_020.MP4,cc3b84c621de73b6f42017675d3b7eb3e92ec00c9f81cb60d4cb8d20b25581cd,VERIFIED_AT_COMBINATION
C:/Users/REKALAB-GPU4/Documents/ALICE DSP/new updated dataset/GS63H/2026_0520_165940_002.MP4,3091e34a94cbb5e8d8b7059c5ef307f0a0e9783fdb1a561a81b07305f394d23a,VERIFIED_AT_COMBINATION
C:/Users/REKALAB-GPU4/Documents/ALICE DSP/new updated dataset/GS63H/2026_0520_170241_003.MP4,ea3bee6c8fbabacc73da604c38f37aa824191c50bd04f6432f63ff3690f8d687,VERIFIED_AT_COMBINATION
C:/Users/REKALAB-GPU4/Documents/ALICE DSP/new updated dataset/GS63H/2026_0520_170541_004.MP4,bad51cb7f21e0e76ebbaeef48c1c2246af647b13e895e9ce65b5aa00ab0455db,VERIFIED_AT_COMBINATION
C:/Users/REKALAB-GPU4/Documents/ALICE DSP/new updated dataset/GS63H/2026_0520_170841_005.MP4,e9eac86bb5c64a6f7f230f37ea0487bb697d4e231ec64c1b62485c9fd569f358,VERIFIED_AT_COMBINATION
C:/Users/REKALAB-GPU4/Documents/ALICE DSP/new updated dataset/GS63H/2026_0520_171141_006.MP4,dfa66e663bd62d28dc1162459caed642f56567993377194269685abe1886f37c,VERIFIED_AT_COMBINATION
C:/Users/REKALAB-GPU4/Documents/ALICE DSP/new updated dataset/GS63H/2026_0520_171441_007.MP4,a546ec9bad6dfcedc4d5ab39a271f426ab8820abdedddc3668d87fce29976f56,VERIFIED_AT_COMBINATION
C:/Users/REKALAB-GPU4/Documents/ALICE DSP/new updated dataset/GS63H/2026_0520_171741_008.MP4,4b1933f394aaef2cbedace38b53005b4ae81c4179709b24b002b802bc1152e44,VERIFIED_AT_COMBINATION
C:/Users/REKALAB-GPU4/Documents/ALICE DSP/new updated dataset/GS63H/2026_0520_172041_009.MP4,3d671640edaa099f16d4865a6fb31f601b607e72a734f247448fbfa8e94cda2d,VERIFIED_AT_COMBINATION
C:/Users/REKALAB-GPU4/Documents/ALICE DSP/new updated dataset/GS63H/2026_0520_172341_010.MP4,537b9230ee7db59e0d29e001fc1034138b06765b81cbe1c95c7779327794b36b,VERIFIED_AT_COMBINATION
C:/Users/REKALAB-GPU4/Documents/ALICE DSP/new updated dataset/GS63H/2026_0520_172641_011.MP4,785cc29f26be78626c23a4f21cbbdc4851d23aa932b0ec2402a5cb29e422c92c,VERIFIED_AT_COMBINATION
C:/Users/REKALAB-GPU4/Documents/ALICE DSP/new updated dataset/GS63H/2026_0520_172941_012.MP4,c19a212ca8beb9ae9bc17427456bf94b4b7ec04654b9fe3d713832430505f95e,VERIFIED_AT_COMBINATION
C:/Users/REKALAB-GPU4/Documents/ALICE DSP/new updated dataset/GS63H/2026_0520_173241_013.MP4,959746fec2d769fe203495c4b65b0d2f4b5ab189d820baf8e794a7de61cd6b6e,VERIFIED_AT_COMBINATION
C:/Users/REKALAB-GPU4/Documents/ALICE DSP/new updated dataset/GS63H/2026_0520_173541_014.MP4,071ff04a5366faf39ed54ab9806a6238f18cbecfd14f3a279d68f1b4e95adac4,VERIFIED_AT_COMBINATION
C:/Users/REKALAB-GPU4/Documents/ALICE DSP/new updated dataset/GS63H/2026_0520_173841_015.MP4,c323fa7dc34c997ab014435053b9bb3bd14d5008b9db643590adb5b935e8b6d9,VERIFIED_AT_COMBINATION
C:/Users/REKALAB-GPU4/Documents/ALICE DSP/new updated dataset/GS63H/2026_0520_174141_016.MP4,cd18aaf6fc2e3f4ae48570dff1b6fcac4d2d4c4e6afcce1de8ce80b28057b626,VERIFIED_AT_COMBINATION
C:/Users/REKALAB-GPU4/Documents/ALICE DSP/new updated dataset/GS63H/2026_0520_174441_017.MP4,dc007d109ba95ef5369f0730c6a5b1555a3ea949c3ceb42246f5b7fb072d3313,VERIFIED_AT_COMBINATION
C:/Users/REKALAB-GPU4/Documents/ALICE DSP/new updated dataset/GS63H/2026_0520_174741_018.MP4,9740553496c3efcfafbe235f90cc327e4b444f51cac6654089d550af4bc454a3,VERIFIED_AT_COMBINATION
C:/Users/REKALAB-GPU4/Documents/ALICE DSP/new updated dataset/GS63H/2026_0520_175041_019.MP4,4525a47e1aa03cc2e5f4334f34b5a265111d750bc95a551de74f4045c5c3d715,VERIFIED_AT_COMBINATION
C:/Users/REKALAB-GPU4/Documents/ALICE DSP/new updated dataset/GS63H/2026_0520_175341_020.MP4,2d9c02b1a55a37f8bd05993cbf662e1d4a044a1685fd1b83f625856f0f114419,VERIFIED_AT_COMBINATION
C:/Users/REKALAB-GPU4/Documents/ALICE DSP/new updated dataset/GS63H/2026_0520_175641_021.MP4,9cfdb15ab9e728ec7fce8bcc2d6dc5e545e2cb088b8f41d614d536415c0bdbb5,VERIFIED_AT_COMBINATION
C:/Users/REKALAB-GPU4/Documents/ALICE DSP/new updated dataset/GS63H/2026_0520_175941_022.MP4,8f1712c02400a176d64c5e6a94d9861ba4f37e2fca58f9f5e8622d433e4b3198,VERIFIED_AT_COMBINATION
C:/Users/REKALAB-GPU4/Documents/ALICE DSP/new updated dataset/GS63H/2026_0520_180241_023.MP4,6b00668d929bde6f2db41d23cb63486d33aaa5419a806b9bcfd9c25b31c4e33f,VERIFIED_AT_COMBINATION
C:/Users/REKALAB-GPU4/Documents/ALICE DSP/new updated dataset/GS63H/2026_0520_180541_024.MP4,c749c7a159cf3b376e22faa038fa3673a75ebe9c56ad92acf05e01494040274f,VERIFIED_AT_COMBINATION
C:/Users/REKALAB-GPU4/Documents/ALICE DSP/new updated dataset/GS63H/2026_0520_180841_025.MP4,433dccf2aa7abe1e2520a61e07124c6ade8e3277921306a2aa9119d7d3b168bc,VERIFIED_AT_COMBINATION
C:/Users/REKALAB-GPU4/Documents/ALICE DSP/new updated dataset/GS63H/2026_0520_181141_026.MP4,49eec3d40b77441d0bcdc005eb7e3e5babe3e8ecfad57229a3356894aa129e41,VERIFIED_AT_COMBINATION
C:/Users/REKALAB-GPU4/Documents/ALICE DSP/new updated dataset/GS63H/2026_0520_181441_027.MP4,73bb01cbdec409c69e72b6dc35a499f4619558dcfab2cc5b140d2d096ec185a5,VERIFIED_AT_COMBINATION
C:/Users/REKALAB-GPU4/Documents/ALICE DSP/new updated dataset/GS63H/2026_0520_181741_028.MP4,70076c521a5250b9fe82669c5575e2f56e18f8296efc164ac58055acc9c14e97,VERIFIED_AT_COMBINATION
C:/Users/REKALAB-GPU4/Documents/ALICE DSP/new updated dataset/GS63H/2026_0520_182041_029.MP4,e4eb13a853c3b72a8a0961c8cd93988744f7bf79f8931c07834a22676880d4cb,VERIFIED_AT_COMBINATION
C:/Users/REKALAB-GPU4/Documents/ALICE DSP/new updated dataset/GS63H/2026_0520_182611_030.MP4,2a1ccb1b03555e107a0d0150213b84e653957f800e432075de0d12a39cbc1b03,VERIFIED_AT_COMBINATION
C:/Users/REKALAB-GPU4/Documents/ALICE DSP/new updated dataset/GS63H/2026_0520_182912_031.MP4,83045b1827bc11c1403ccee9517e4b7c89050096a0f06f3ebeb6f6759216b6d7,VERIFIED_AT_COMBINATION
C:/Users/REKALAB-GPU4/Documents/ALICE DSP/new updated dataset/GS63H/2026_0520_183212_032.MP4,984158720e03ea5adcc03c5290874a2aa31838fed8493b8f506d3e0c08dedca1,VERIFIED_AT_COMBINATION
C:/Users/REKALAB-GPU4/Documents/ALICE DSP/new updated dataset/GS63H/2026_0520_183512_033.MP4,2ec08b7b70e273c8ef68d27d6abe92efc4884e7c165c0235810da6ee07d7c099,VERIFIED_AT_COMBINATION
C:/Users/REKALAB-GPU4/Documents/ALICE DSP/new updated dataset/GS63H/2026_0520_183812_034.MP4,fdde64b7864e3fc9a70232f72471fec204731ed925bd77b2bf7f91a1fca13d31,VERIFIED_AT_COMBINATION
C:/Users/REKALAB-GPU4/Documents/ALICE DSP/new updated dataset/GS63H/2026_0520_184112_035.MP4,942389975d3d780aafade0cf4a2d6a8b6ae0a40e648ef7b924a53e4c3a4b446f,VERIFIED_AT_COMBINATION
C:/Users/REKALAB-GPU4/Documents/ALICE DSP/new updated dataset/GS63H/2026_0520_184412_036.MP4,56d9ae11eba9760f70bf463a658e4d370561c4c43262ceba9ed8c1e53c4a0b3b,VERIFIED_AT_COMBINATION
C:/Users/REKALAB-GPU4/Documents/ALICE DSP/new updated dataset/GS63H/2026_0520_184712_037.MP4,1e3ef0b5a1541507a9a63f349b978325a707b942a3acf823785db485d95adc71,VERIFIED_AT_COMBINATION
C:/Users/REKALAB-GPU4/Documents/ALICE DSP/new updated dataset/GS63H/2026_0520_185012_038.MP4,588ac19a053f6fedd7267fcc92794d4e193cb4a06dac4e759486141b734ff98a,VERIFIED_AT_COMBINATION
C:/Users/REKALAB-GPU4/Documents/ALICE DSP/new updated dataset/GS63H/2026_0520_185312_039.MP4,78798d010b5493a91604156b5f10ffa2285ccb62d704ee3d40146645aa543c76,VERIFIED_AT_COMBINATION
C:/Users/REKALAB-GPU4/Documents/ALICE DSP/new updated dataset/GS63H/2026_0520_185612_040.MP4,d0368f17e30ba8d17fe9b2b2f6a85ea873dc353f0f1fc9fc0f25d8084548144f,VERIFIED_AT_COMBINATION
C:/Users/REKALAB-GPU4/Documents/ALICE DSP/new updated dataset/GS63H/2026_0520_185912_041.MP4,5c7b8b3e1714b3946d774d5b14d84bfb9865b85b08ca6e2c47c00b05f61bb300,VERIFIED_AT_COMBINATION
C:/Users/REKALAB-GPU4/Documents/ALICE DSP/new updated dataset/GS63H/2026_0520_190212_042.MP4,02c2dd1e9c372243008f9916353556e9292a97d5a7dcdce364fbb81bfcce4f4d,VERIFIED_AT_COMBINATION
C:/Users/REKALAB-GPU4/Documents/ALICE DSP/new updated dataset/GS63H/2026_0520_190513_043.MP4,7d8bf963213bef6989445cdb08955b167afaaa98c92156edc24a733f8cd0ae6f,VERIFIED_AT_COMBINATION
C:/Users/REKALAB-GPU4/Documents/ALICE DSP/new updated dataset/M550/20260521210037_2026081A.MP4,eea533644fa642da18db6ec8af98ec38222af0ff9ebf6b4c49affd7fd3f0494f,VERIFIED_AT_COMBINATION
C:/Users/REKALAB-GPU4/Documents/ALICE DSP/new updated dataset/M550/20260521210137_2026083A.MP4,6b8cc1e3e920dc76d7bd94e2917e0136e7d67a7e64655d2a5050adefdb6efb03,VERIFIED_AT_COMBINATION
C:/Users/REKALAB-GPU4/Documents/ALICE DSP/new updated dataset/M550/20260521210237_2026085A.MP4,e0509f7e8a85c049ff04d3200ee03b2cff9d94a8e9125d4647747a33c34625c4,VERIFIED_AT_COMBINATION
C:/Users/REKALAB-GPU4/Documents/ALICE DSP/new updated dataset/M550/20260521210337_2026087A.MP4,4131e43b1f6f70fa3cb827fb5c2c080d82b67eb93a4cfe5c1ca3af136a7becfb,VERIFIED_AT_COMBINATION
C:/Users/REKALAB-GPU4/Documents/ALICE DSP/new updated dataset/M550/20260521210437_2026089A.MP4,1165a6385bd6432e39873eced4102d8d1d8825ffbc6a2d811c40ca5d77a29ad2,VERIFIED_AT_COMBINATION
C:/Users/REKALAB-GPU4/Documents/ALICE DSP/new updated dataset/M550/20260521210537_2026091A.MP4,319d346702c7cafff63afea5774164daf264fecb093fbcc2a89f1dce11d268a8,VERIFIED_AT_COMBINATION
C:/Users/REKALAB-GPU4/Documents/ALICE DSP/new updated dataset/M550/20260521210637_2026093A.MP4,13d1c786dfd625529987fd998aabfe79549b70c5adb1f2e208b45e771a094e99,VERIFIED_AT_COMBINATION
C:/Users/REKALAB-GPU4/Documents/ALICE DSP/new updated dataset/M550/20260521210737_2026095A.MP4,9af10f4867c42bbde43e96138f62d74865e14c32319adf7cbb05e8483dbc8bb2,VERIFIED_AT_COMBINATION
C:/Users/REKALAB-GPU4/Documents/ALICE DSP/new updated dataset/M550/20260521210837_2026097A.MP4,11992476b425794b8cf504cf271258b1c7ef17806df50069d82fdedc3cf567fc,VERIFIED_AT_COMBINATION
C:/Users/REKALAB-GPU4/Documents/ALICE DSP/new updated dataset/M550/20260521210937_2026099A.MP4,0f6cb23960dbe247ad72787819fc1c596d4d0a2b5eba64e2234e36b488d094d3,VERIFIED_AT_COMBINATION
C:/Users/REKALAB-GPU4/Documents/ALICE DSP/new updated dataset/M550/20260521211037_2026101A.MP4,cdf95f738ef83b42446abc3bfb12c29c91e4f6a5c5d5d44772794c0f65419ef7,VERIFIED_AT_COMBINATION
C:/Users/REKALAB-GPU4/Documents/ALICE DSP/new updated dataset/M550/20260521211137_2026103A.MP4,12dceba5fe8181c9afd2caf6637f677f69445024abbe700e675b12e17569b520,VERIFIED_AT_COMBINATION
C:/Users/REKALAB-GPU4/Documents/ALICE DSP/new updated dataset/M550/20260521211237_2026105A.MP4,75ca4d96bfb0e9512ef72f98e21e7721a7897e85f52cfa20043c0248076106a9,VERIFIED_AT_COMBINATION
C:/Users/REKALAB-GPU4/Documents/ALICE DSP/new updated dataset/M550/20260521211337_2026107A.MP4,9dd5ac1acfdd54947676a853d41eca431276ccfff05cb5274ee9e14b2937d4f6,VERIFIED_AT_COMBINATION
C:/Users/REKALAB-GPU4/Documents/ALICE DSP/new updated dataset/M550/20260521211437_2026109A.MP4,32404a6c086f242883944fcd9789b42abf5dc88c2e1458975c3e8ac5c76810a5,VERIFIED_AT_COMBINATION
C:/Users/REKALAB-GPU4/Documents/ALICE DSP/new updated dataset/M550/20260521211537_2026111A.MP4,a786fe0f86d0f1a4bde1376b3f96cd1fbe9ea20538edf067abed91f221fbf154,VERIFIED_AT_COMBINATION
C:/Users/REKALAB-GPU4/Documents/ALICE DSP/new updated dataset/M550/20260521211637_2026113A.MP4,7edf644b378b38dfa9390d2a5b6bbdaaa3bbe83390806115c9c87b2e6fa9f6ec,VERIFIED_AT_COMBINATION
C:/Users/REKALAB-GPU4/Documents/ALICE DSP/new updated dataset/M550/20260521215224_2026117A.MP4,cae9d840affd5ffc823e79f81f11e45c1eb2f5f26aa24434864af2818798bca4,VERIFIED_AT_COMBINATION
C:/Users/REKALAB-GPU4/Documents/ALICE DSP/new updated dataset/M550/20260521215324_2026119A.MP4,68f8ce7c5a7d4a017c82f84137e6392f0ece8eba8526c613fca91c4659d427bc,VERIFIED_AT_COMBINATION
C:/Users/REKALAB-GPU4/Documents/ALICE DSP/new updated dataset/M550/20260521215424_2026121A.MP4,f935d76582a177ca596be47e59b25a5222085ad046641ecb4d6f77a5836db433,VERIFIED_AT_COMBINATION
C:/Users/REKALAB-GPU4/Documents/ALICE DSP/new updated dataset/M550/20260521215524_2026123A.MP4,5aaf0702f781eb3740dfbf65668a3627bcc9f7d5273b551bc75a874a14b0e1dc,VERIFIED_AT_COMBINATION
C:/Users/REKALAB-GPU4/Documents/ALICE DSP/new updated dataset/M550/20260521215824_2026129A.MP4,eea64ada2d6a8ac2dbebf9ef2d149868dedcc50a6d40bf165c00dac9995790e3,VERIFIED_AT_COMBINATION
C:/Users/REKALAB-GPU4/Documents/ALICE DSP/new updated dataset/M550/20260521215924_2026131A.MP4,df9aa0fc5c2685f83f6e8e678f8ba8fbfa769d856be4418d8d68a4675ac0367b,VERIFIED_AT_COMBINATION
C:/Users/REKALAB-GPU4/Documents/ALICE DSP/new updated dataset/M550/20260521220024_2026133A.MP4,7e3c9a827cee5ccc2002d2035484550ce1d46602b6f02e4e413a9363edbcbb0a,VERIFIED_AT_COMBINATION
C:/Users/REKALAB-GPU4/Documents/ALICE DSP/new updated dataset/M550/20260521220124_2026135A.MP4,67036ac3babc0c41acb3949d700e8456e5fae4b5c62ddccfcc21fb361069ec89,VERIFIED_AT_COMBINATION
C:/Users/REKALAB-GPU4/Documents/ALICE DSP/new updated dataset/M550/20260521220224_2026137A.MP4,c94426cced8a1868f759b5ca9d6505bc290be353ab14fd9df42c9a36f43636d0,VERIFIED_AT_COMBINATION
C:/Users/REKALAB-GPU4/Documents/ALICE DSP/new updated dataset/M550/20260521220324_2026139A.MP4,484361acbde65901628a27cfa9ec3c0e5ca45c6bd02dbb7e58dc50884a74f5dd,VERIFIED_AT_COMBINATION
C:/Users/REKALAB-GPU4/Documents/ALICE DSP/new updated dataset/M550/20260521220424_2026141A.MP4,a4a9dcdcd26f50948955addfcdcbfe437f6190f2e437baa0ef195c79f6ad14c2,VERIFIED_AT_COMBINATION
C:/Users/REKALAB-GPU4/Documents/ALICE DSP/new updated dataset/M550/20260521220524_2026143A.MP4,6a40dfdd12638704ede8cf6e3a9e81f8081cb4691c477d499dfa9722d4b1b2ff,VERIFIED_AT_COMBINATION
C:/Users/REKALAB-GPU4/Documents/ALICE DSP/new updated dataset/M550/20260521220624_2026145A.MP4,a7bafdec76db83ad9c8a666f4ca6a3b9a3565168d59cb392e7a5e9a3a8a8c668,VERIFIED_AT_COMBINATION
C:/Users/REKALAB-GPU4/Documents/ALICE DSP/new updated dataset/M550/20260521220724_2026147A.MP4,50968f8243c43145f3c2d2d1ab086df01dc7efe0d79ebce30761c6de3cca848e,VERIFIED_AT_COMBINATION
C:/Users/REKALAB-GPU4/Documents/ALICE DSP/new updated dataset/M550/20260521220824_2026149A.MP4,185d1c6bb76e6e28335bbfca2ac7c3c950c295fca13efd6d20c4048bd9f69489,VERIFIED_AT_COMBINATION
C:/Users/REKALAB-GPU4/Documents/ALICE DSP/new updated dataset/M550/20260521220924_2026151A.MP4,363e586dd02e3ceb25ed60b30db9a7262018b781f6c0db685fc5e48227bd005e,VERIFIED_AT_COMBINATION
C:/Users/REKALAB-GPU4/Documents/ALICE DSP/new updated dataset/M550/20260521221024_2026153A.MP4,70aa49fc25fbac944ffe4dc3416056dc50ecd718fa062794ca1fda01ad914ca6,VERIFIED_AT_COMBINATION
C:/Users/REKALAB-GPU4/Documents/ALICE DSP/new updated dataset/M550/20260521221124_2026155A.MP4,1eb10ecb541190811716380d905c073199e717a1c03cb64dd111a587aa47254f,VERIFIED_AT_COMBINATION
C:/Users/REKALAB-GPU4/Documents/ALICE DSP/new updated dataset/M550/20260521221224_2026157A.MP4,e096912db20473be41fc48b7d1a9ab3eeb285b9b236b1799d0a1efbcbcdd8f84,VERIFIED_AT_COMBINATION
C:/Users/REKALAB-GPU4/Documents/ALICE DSP/new updated dataset/M550/20260521221324_2026159A.MP4,5b97377b4f4fea2e867cae4a42b726585241bd10ea302722ad84348620c1224c,VERIFIED_AT_COMBINATION
C:/Users/REKALAB-GPU4/Documents/ALICE DSP/new updated dataset/M550/20260521221424_2026161A.MP4,6a366f8420ea5b5c77f3fd14a0fd9882f60097a5a96e359ec35297174089f9cb,VERIFIED_AT_COMBINATION
C:/Users/REKALAB-GPU4/Documents/ALICE DSP/new updated dataset/M550/20260521221524_2026163A.MP4,df81a80f30c74d0df707c8ba4f15fc66cfca2ae8ca6cdc3e9a236f6e7fefc1b0,VERIFIED_AT_COMBINATION
C:/Users/REKALAB-GPU4/Documents/ALICE DSP/new updated dataset/M550/20260521221624_2026165A.MP4,fc462ad45be9505a6934ac9566cd891c48092e12121d57d2a2154c4cf03afce8,VERIFIED_AT_COMBINATION
C:/Users/REKALAB-GPU4/Documents/ALICE DSP/new updated dataset/M550/20260521221724_2026167A.MP4,33acef2962bef9f520947aae5f7774783f0a3596b06f154f858ada647ff4e3b2,VERIFIED_AT_COMBINATION
C:/Users/REKALAB-GPU4/Documents/ALICE DSP/new updated dataset/M550/20260521221824_2026169A.MP4,c71068436dde1be60c9716c577bdda692dc1bd577514c0f5011c8cb4d82615a2,VERIFIED_AT_COMBINATION
C:/Users/REKALAB-GPU4/Documents/ALICE DSP/new updated dataset/M550/20260521221924_2026171A.MP4,9af86cdda28b4c4e03c7d845ac442a0b91e7dc0cea9e853adbb8f8e8b5134061,VERIFIED_AT_COMBINATION
C:/Users/REKALAB-GPU4/Documents/ALICE DSP/new updated dataset/M550/20260521222024_2026173A.MP4,8a82ceababe1149f7097030926f2511d8c4622a47b4a19c8d8788d2833d26572,VERIFIED_AT_COMBINATION
C:/Users/REKALAB-GPU4/Documents/ALICE DSP/new updated dataset/M550/20260521222124_2026175A.MP4,1ca01ac05df764e42cf37590732731d43b0ecbee4c494e25f8127c044f1eae66,VERIFIED_AT_COMBINATION
C:/Users/REKALAB-GPU4/Documents/ALICE DSP/new updated dataset/M550/20260521222224_2026177A.MP4,847c0117e841732a23890c07f5aa7dd4cb4df6b3c2e259fc8a71762ec1599d02,VERIFIED_AT_COMBINATION
C:/Users/REKALAB-GPU4/Documents/ALICE DSP/new updated dataset/M550/20260521222324_2026179A.MP4,20f9fe1522860a210c66f6f1a1170faa3477df0478acbc9daa223e5a71d83c05,VERIFIED_AT_COMBINATION
C:/Users/REKALAB-GPU4/Documents/ALICE DSP/new updated dataset/M550/20260521222424_2026181A.MP4,b5758710343072a486a286c103c301e9a5774b3734b9789a12c91bf8e5528ddf,VERIFIED_AT_COMBINATION
C:/Users/REKALAB-GPU4/Documents/ALICE DSP/new updated dataset/M550/20260521222524_2026183A.MP4,6df4c7d296b134659c6405bda0e581b65be68600dd3f8dff5b5723040cae7113,VERIFIED_AT_COMBINATION
C:/Users/REKALAB-GPU4/Documents/ALICE DSP/new updated dataset/M550/20260521222624_2026185A.MP4,7f74da81b9b98261228dbdf3ce03a72c3115d2cf7cc83d9436e7416d5329df25,VERIFIED_AT_COMBINATION
C:/Users/REKALAB-GPU4/Documents/ALICE DSP/new updated dataset/M550/20260521222724_2026187A.MP4,7b4cbcd6aa1e985321fe9c6d5c7887f7eef94ec079de590870e44da3f0541535,VERIFIED_AT_COMBINATION
C:/Users/REKALAB-GPU4/Documents/ALICE DSP/new updated dataset/M550/20260521222824_2026189A.MP4,e57f2e01588d828b251e87d8dfec5b904c94598102ebe3e3d92e9da334d0b67d,VERIFIED_AT_COMBINATION
C:/Users/REKALAB-GPU4/Documents/ALICE DSP/new updated dataset/M550/20260521222924_2026191A.MP4,97a2ce0d588aaf6483bdfcccd539d7db20812b11f8b7fadf9082ca6cf8b2cd1c,VERIFIED_AT_COMBINATION
C:/Users/REKALAB-GPU4/Documents/ALICE DSP/new updated dataset/M550/20260521223024_2026193A.MP4,c6eb65fc578a6ef34aa3cf3654b5985c206aa49224bff7e6599edf26cfb43280,VERIFIED_AT_COMBINATION
C:/Users/REKALAB-GPU4/Documents/ALICE DSP/new updated dataset/M550/20260521223124_2026195A.MP4,91b80b1584309dc32d40ce0b431fbb55a63eb3b8d33db2f9e6dc348ce98c423d,VERIFIED_AT_COMBINATION
C:/Users/REKALAB-GPU4/Documents/ALICE DSP/new updated dataset/M550/20260521223224_2026197A.MP4,11cfb539daf1defadeff40475a8d0938c803abf525c583d892f976bcfd30d3f6,VERIFIED_AT_COMBINATION
C:/Users/REKALAB-GPU4/Documents/ALICE DSP/new updated dataset/M550/20260521223324_2026199A.MP4,c685cd2d3ef18f91647829efda6b8196e752fe61e0a65d88007bf58e9d810a41,VERIFIED_AT_COMBINATION
C:/Users/REKALAB-GPU4/Documents/ALICE DSP/new updated dataset/M550/20260521223424_2026201A.MP4,fa3dc92a21cdb2802eca9d2c3575b47bda7d5bf2c4de814343a520b0e3b32c74,VERIFIED_AT_COMBINATION
C:/Users/REKALAB-GPU4/Documents/ALICE DSP/new updated dataset/M550/20260521223524_2026203A.MP4,36ec12a6ddec1b74dd42558f33568e3efe73835754d403763ac2c6afd7be6f22,VERIFIED_AT_COMBINATION
C:/Users/REKALAB-GPU4/Documents/ALICE DSP/new updated dataset/M550/20260521223624_2026205A.MP4,1465bc2173d927f3f9ad86e485bfe6f365f1ddb3c94ad8ec18b35f7eb52e993d,VERIFIED_AT_COMBINATION
C:/Users/REKALAB-GPU4/Documents/ALICE DSP/new updated dataset/M550/20260521223724_2026207A.MP4,25495103883e6b1fe0a0798cbb98b45663373bb8e658907ddb3ac081fd460b5a,VERIFIED_AT_COMBINATION
C:/Users/REKALAB-GPU4/Documents/ALICE DSP/new updated dataset/M550/20260521223824_2026209A.MP4,e3cc88446b66f8fb9395a16675b51be9e9fcfb65d57405b0797ed2053061227e,VERIFIED_AT_COMBINATION
C:/Users/REKALAB-GPU4/Documents/ALICE DSP/new updated dataset/M550/20260521223924_2026211A.MP4,fc8a4cc0566b52bc56c9f322b59be6011efacd1323603e2d3cb3b00571030a73,VERIFIED_AT_COMBINATION
C:/Users/REKALAB-GPU4/Documents/ALICE DSP/new updated dataset/M550/20260521224024_2026213A.MP4,1bb61b44e293101f03eadb9056371adedc000f3dc74d8f7e81f91075be59e1d0,VERIFIED_AT_COMBINATION
C:/Users/REKALAB-GPU4/Documents/ALICE DSP/new updated dataset/M550/20260521224124_2026215A.MP4,a33f396078cbf13101509763b479a564cfa9f818d84a6bba45b111783192840f,VERIFIED_AT_COMBINATION
C:/Users/REKALAB-GPU4/Documents/ALICE DSP/new updated dataset/M550/20260521224224_2026217A.MP4,a3ee5ce17c66ee59a75ce77310b603dd5cb024f82617b7aa505e6fd6ee098391,VERIFIED_AT_COMBINATION
C:/Users/REKALAB-GPU4/Documents/ALICE DSP/new updated dataset/M550/20260521224324_2026219A.MP4,de2b1be8f44d03e5f5c84aae3f212919e82e98bcbc591bb82f933b1f63ac33fe,VERIFIED_AT_COMBINATION
C:/Users/REKALAB-GPU4/Documents/ALICE DSP/new updated dataset/M550/20260521224424_2026221A.MP4,7b3607d98f4963f24e36de8fe1233692221875c9c3af693de23a48fcada12cf1,VERIFIED_AT_COMBINATION
C:/Users/REKALAB-GPU4/Documents/ALICE DSP/new updated dataset/M550/20260521224524_2026223A.MP4,6975747568b93a4c4b504f24497c6b0b0483f07dfe5c081b83e346d8f8e90e7f,VERIFIED_AT_COMBINATION
C:/Users/REKALAB-GPU4/Documents/ALICE DSP/new updated dataset/M550/20260521224624_2026225A.MP4,6a144f0a1c2be72dcabe4e74f4e3a98b87543063208514606d976e1480cf4c7d,VERIFIED_AT_COMBINATION
C:/Users/REKALAB-GPU4/Documents/ALICE DSP/new updated dataset/M550/20260521224724_2026227A.MP4,2cef1af7324522637024023fa68d291cc4aef15e46b1298fbb38b265c2181b2c,VERIFIED_AT_COMBINATION
C:/Users/REKALAB-GPU4/Documents/ALICE DSP/new updated dataset/M550/20260521224824_2026229A.MP4,7ee082059563208cd69ee71dccb0cdef5574c19ac534c353e2e7940f67b0efa7,VERIFIED_AT_COMBINATION
C:/Users/REKALAB-GPU4/Documents/ALICE DSP/new updated dataset/M550/20260521224924_2026231A.MP4,b9ff6365748fa1ebaf65feebaf77fe41a99dd4b9d72d8d58ed75858e7b5efbf7,VERIFIED_AT_COMBINATION
C:/Users/REKALAB-GPU4/Documents/ALICE DSP/new updated dataset/M550/20260521225024_2026233A.MP4,23bc51c1895fb80dd7861f5869831c5752dbb59840cd29833bc8a695c9d1ceb0,VERIFIED_AT_COMBINATION
C:/Users/REKALAB-GPU4/Documents/ALICE DSP/new updated dataset/M550/20260521225124_2026235A.MP4,f4a8306975c0bd886977a1a20653a81475b33b60c12cf914eb0a9ec883a7a049,VERIFIED_AT_COMBINATION
C:/Users/REKALAB-GPU4/Documents/ALICE DSP/new updated dataset/M550/20260521225224_2026237A.MP4,1235af075220c6e6035722d6970687779877155b0d7ca393183f1c0fb39b8241,VERIFIED_AT_COMBINATION
C:/Users/REKALAB-GPU4/Documents/ALICE DSP/new updated dataset/M550/20260521225324_2026239A.MP4,6ad0d4798ba2b705de59757c5b730224a4fb5e283a76f457451b262646f44867,VERIFIED_AT_COMBINATION
C:/Users/REKALAB-GPU4/Documents/ALICE DSP/new updated dataset/M550/20260521225424_2026241A.MP4,cd96f695f3e8037c5ccf7f57ad3b9a3d80f2f5961dac7d123d89df85feb71ec7,VERIFIED_AT_COMBINATION
C:/Users/REKALAB-GPU4/Documents/ALICE DSP/new updated dataset/M550/20260521225524_2026243A.MP4,561bc72a7123cbdb499668032ab4b9bafb782cdf035f70c7da7e4b41968e48d9,VERIFIED_AT_COMBINATION
C:/Users/REKALAB-GPU4/Documents/ALICE DSP/new updated dataset/M550/20260521225624_2026245A.MP4,e58113582ad0f24e9a1afb78c961c511b1addc2090cf75234e23cd5c4e56a725,VERIFIED_AT_COMBINATION
C:/Users/REKALAB-GPU4/Documents/ALICE DSP/new updated dataset/M550/20260521225724_2026247A.MP4,ebd4d27e5c27e74c1c048bd1dcee3b15a263f47f5a41283cc6b7c673732e0f43,VERIFIED_AT_COMBINATION
C:/Users/REKALAB-GPU4/Documents/ALICE DSP/new updated dataset/M550/20260521225824_2026249A.MP4,61436a8ed3b9555cad7bf6c9356a0bbd238ca22cc2867b4668c4d485b1bd72c4,VERIFIED_AT_COMBINATION
C:/Users/REKALAB-GPU4/Documents/ALICE DSP/new updated dataset/M550/20260521225924_2026251A.MP4,9313197b383d8d153d8cfb45d3cbfe2f0dc301773293b47c79b360033ea8d1d6,VERIFIED_AT_COMBINATION
C:/Users/REKALAB-GPU4/Documents/ALICE DSP/new updated dataset/M550/20260521230024_2026253A.MP4,e926981ea6156ed03fe1472c410df7205ec05d6aa108c53acf9ec752e8cbb2da,VERIFIED_AT_COMBINATION
C:/Users/REKALAB-GPU4/Documents/ALICE DSP/new updated dataset/M550/20260521230124_2026255A.MP4,9750d0dccdd6875b3af827fcec932a174eca7df6467b91d57fd06766b5da4dc5,VERIFIED_AT_COMBINATION
C:/Users/REKALAB-GPU4/Documents/ALICE DSP/new updated dataset/M550/20260521230224_2026257A.MP4,49980f20946aa907ab751b52a3b40f6e3db5ac340cbdedce57329bb9033506fa,VERIFIED_AT_COMBINATION
C:/Users/REKALAB-GPU4/Documents/ALICE DSP/new updated dataset/M550/20260521230324_2026259A.MP4,c0a9cf70aec6270250513fc8ec85376e7485d7697d87b519aa7ff58a10e0d8fb,VERIFIED_AT_COMBINATION
C:/Users/REKALAB-GPU4/Documents/ALICE DSP/new updated dataset/M550/20260521230424_2026261A.MP4,f2da0171b9b7b44a044fb4500e2141cadda929f247c7be902c653b834e396227,VERIFIED_AT_COMBINATION
C:/Users/REKALAB-GPU4/Documents/ALICE DSP/new updated dataset/M550/20260521230524_2026263A.MP4,4ca593cf3ce14e821de8331c77215cd47405d08c0bb1319c04494af0e440e9d7,VERIFIED_AT_COMBINATION
C:/Users/REKALAB-GPU4/Documents/ALICE DSP/new updated dataset/M550/20260521230624_2026265A.MP4,34f8eb11ce0249091e2bbf3c93efb981059202d0112980205013463c56230337,VERIFIED_AT_COMBINATION
C:/Users/REKALAB-GPU4/Documents/ALICE DSP/new updated dataset/M550/20260521230724_2026267A.MP4,7c21607b27904ce2790ef579b2c39b92f0a995c9164dd073b827fc5a1f728e43,VERIFIED_AT_COMBINATION
C:/Users/REKALAB-GPU4/Documents/ALICE DSP/new updated dataset/M550/20260521230824_2026269A.MP4,43dcd925f1e6b4fd8c93bb9f154d4e8bbca948954036eecadf58394ac7fcc1cb,VERIFIED_AT_COMBINATION
C:/Users/REKALAB-GPU4/Documents/ALICE DSP/new updated dataset/M550/20260521230924_2026271A.MP4,62c2812ac7b681b0ae35bd1aca5179a102c8eec31c67243ae1fd05d6baa455f7,VERIFIED_AT_COMBINATION
C:/Users/REKALAB-GPU4/Documents/ALICE DSP/new updated dataset/M550/20260521231024_2026273A.MP4,95155811afe9680aac4789fc22a574f26dc3986eebfbc0778fd6a0c73e5456a5,VERIFIED_AT_COMBINATION
C:/Users/REKALAB-GPU4/Documents/ALICE DSP/new updated dataset/M550/20260521231124_2026275A.MP4,156663f5025f347f411abd88ba729f6583026783955aa3823cdf7de0419a22b7,VERIFIED_AT_COMBINATION
C:/Users/REKALAB-GPU4/Documents/ALICE DSP/new updated dataset/M550/20260521231224_2026277A.MP4,3bf7f3762d08a87eea4eebd9eae6c531e1b0e1f203352aecfd636825f4d1033c,VERIFIED_AT_COMBINATION
C:/Users/REKALAB-GPU4/Documents/ALICE DSP/new updated dataset/M550/20260521231324_2026279A.MP4,fef71762a61e8b02a355e42ba581ed59ed1cf05db07d4f473e5de2df4b3298de,VERIFIED_AT_COMBINATION
C:/Users/REKALAB-GPU4/Documents/ALICE DSP/new updated dataset/M550/20260521231424_2026281A.MP4,9686d811c9ed9cf8d60ca1efa1e17855de245d65e6ff62e0f37e4a52f24edddf,VERIFIED_AT_COMBINATION
C:/Users/REKALAB-GPU4/Documents/ALICE DSP/new updated dataset/M550/20260521231524_2026283A.MP4,2937c3f27eba6ad2d5cdba575b2935c450927131aaa4318d5227ca403dffa796,VERIFIED_AT_COMBINATION
C:/Users/REKALAB-GPU4/Documents/ALICE DSP/new updated dataset/M550/20260521231624_2026285A.MP4,4d99d7dff4593ed43df345915a76d8d4e51941f044d30da74eb41da113e80c13,VERIFIED_AT_COMBINATION
C:/Users/REKALAB-GPU4/Documents/ALICE DSP/new updated dataset/M550/20260521231724_2026287A.MP4,d1888962be595bb77dbae12799c1062e217b22bb2fe681c7a5578d248a55de98,VERIFIED_AT_COMBINATION
C:/Users/REKALAB-GPU4/Documents/ALICE DSP/new updated dataset/M550/20260521231824_2026289A.MP4,0ce1cd893e15331ab665523241e5b1f2229af1d1d9f7cec21ddd4e6e3447c543,VERIFIED_AT_COMBINATION
C:/Users/REKALAB-GPU4/Documents/ALICE DSP/new updated dataset/M550/20260521231924_2026291A.MP4,2e49f0e386b92f1b8735425c911a769539bd5c7986cb31c59a24cf45fdbd2287,VERIFIED_AT_COMBINATION
C:/Users/REKALAB-GPU4/Documents/ALICE DSP/new updated dataset/M550/20260521232024_2026293A.MP4,c4bb90c5c35e0244d32af99a0bbda19149ddf788cfa54446c101dff720b01b32,VERIFIED_AT_COMBINATION
C:/Users/REKALAB-GPU4/Documents/ALICE DSP/new updated dataset/M550/20260521232124_2026295A.MP4,69948d37c139bbdf3f1e53d7b13bb4ee55c0769e43e9cfa7060c5cfd3d6530fe,VERIFIED_AT_COMBINATION
C:/Users/REKALAB-GPU4/Documents/ALICE DSP/new updated dataset/M550/20260521232224_2026297A.MP4,218d7c919a877453b40b73b0c51622970a23587e73b1e3265795d23ab9a238fb,VERIFIED_AT_COMBINATION
C:/Users/REKALAB-GPU4/Documents/ALICE DSP/new updated dataset/M550/20260521232324_2026299A.MP4,d8858afd8dd2d5342f7bdbb30de71d084bd84557cd9edc715d86856b5754d3f7,VERIFIED_AT_COMBINATION
C:/Users/REKALAB-GPU4/Documents/ALICE DSP/new updated dataset/M550/20260521232424_2026301A.MP4,1bf4212e0b14ec88978e717bc3feeac00ddfd41896fbd2be2b1f5aacc0e9ab73,VERIFIED_AT_COMBINATION
C:/Users/REKALAB-GPU4/Documents/ALICE DSP/new updated dataset/M550/20260521232524_2026303A.MP4,95ec2cc100074af0f312c552d21003763b59f8b8337107ff2dbe5c33ff64c9b2,VERIFIED_AT_COMBINATION
C:/Users/REKALAB-GPU4/Documents/ALICE DSP/new updated dataset/M550/20260521232624_2026305A.MP4,66673e4496e70ee1cf3f5dddb91fb0a94307d67d74f3fb90a9d0b1a73d697dc5,VERIFIED_AT_COMBINATION
C:/Users/REKALAB-GPU4/Documents/ALICE DSP/new updated dataset/M550/20260521232724_2026307A.MP4,8231a5a3a29d887405c893ccb4b2ceaae6ea3891aaa07d252becca1bb884e9a4,VERIFIED_AT_COMBINATION
C:/Users/REKALAB-GPU4/Documents/ALICE DSP/new updated dataset/M550/20260521232824_2026309A.MP4,e9da33468446462300a6a882aadae285eba7c6a34e81773e6edeb35d17ce3f0d,VERIFIED_AT_COMBINATION
C:/Users/REKALAB-GPU4/Documents/ALICE DSP/new updated dataset/M550/20260521232924_2026311A.MP4,e3fe311d315495452ea306c09204a4de17fc1559b4dffc790d2e4e956cbd3698,VERIFIED_AT_COMBINATION
C:/Users/REKALAB-GPU4/Documents/ALICE DSP/new updated dataset/M550/20260521233024_2026313A.MP4,aff79a642399f6ed65062be35a24dd7c23b114df97cc10d06c674af44edb6c61,VERIFIED_AT_COMBINATION
C:/Users/REKALAB-GPU4/Documents/ALICE DSP/new updated dataset/M550/20260521233124_2026315A.MP4,59358800d839b4e8203090d57a8b9a64fecd0ec1338f0dcc37837569b624b1a9,VERIFIED_AT_COMBINATION
C:/Users/REKALAB-GPU4/Documents/ALICE DSP/new updated dataset/M550/20260521233224_2026317A.MP4,c03e5e89bf7c288a99b94f30a7e811c7e83a0c44f92b1a581cae17752dd9ea6b,VERIFIED_AT_COMBINATION
C:/Users/REKALAB-GPU4/Documents/ALICE DSP/new updated dataset/M550/20260521233324_2026319A.MP4,2328795bc49300bef581dffc5c6d0d42a182320b2ad4c7dfed30dec61c0dca1e,VERIFIED_AT_COMBINATION
C:/Users/REKALAB-GPU4/Documents/ALICE DSP/new updated dataset/M550/20260521233424_2026321A.MP4,d7867ad8898e77f4ebc086590464de6f9c81d7e18b6488e1f0389e6ca1d10ec2,VERIFIED_AT_COMBINATION
C:/Users/REKALAB-GPU4/Documents/ALICE DSP/new updated dataset/M550/20260521233524_2026323A.MP4,282fd30ef17097cdbf7c64d582df347e99d0373c252dc445aa1c65341a1c8807,VERIFIED_AT_COMBINATION
C:/Users/REKALAB-GPU4/Documents/ALICE DSP/new updated dataset/M550/20260521233624_2026325A.MP4,25f359f19da87fb7ffc3fdeefc4415ba88797b1741aed7c15ef09a1d9ab14931,VERIFIED_AT_COMBINATION
C:/Users/REKALAB-GPU4/Documents/ALICE DSP/new updated dataset/M550/20260521233724_2026327A.MP4,9d522cd0358982f58b31bf95246c7d964705f32425903dbe006396ce10b96990,VERIFIED_AT_COMBINATION
C:/Users/REKALAB-GPU4/Documents/ALICE DSP/new updated dataset/M550/20260521233824_2026329A.MP4,5882d7053980fc312d49b0ea98e26bc2a23539a36b469f92ed919cc6cd45ee19,VERIFIED_AT_COMBINATION
C:/Users/REKALAB-GPU4/Documents/ALICE DSP/new updated dataset/M550/20260521233924_2026331A.MP4,a7261664b80c97b5f9f1e5546647ed88ca2fd326f241f34e6006810348c578d1,VERIFIED_AT_COMBINATION
C:/Users/REKALAB-GPU4/Documents/ALICE DSP/new updated dataset/M550/20260521234024_2026333A.MP4,d1979aed4927564fffcf2882bdacc0b637b43d270e3d879942e76a2f0a4d011b,VERIFIED_AT_COMBINATION
C:/Users/REKALAB-GPU4/Documents/ALICE DSP/new updated dataset/M550/20260521234124_2026335A.MP4,f61d701109f04e7caaf2407fa4ecdddaa7e64035390db6a763fd06da129e4845,VERIFIED_AT_COMBINATION
C:/Users/REKALAB-GPU4/Documents/ALICE DSP/new updated dataset/M550/20260521234224_2026337A.MP4,53f8c7bc0e87ff98cc03f3da2ba8e911e560c691b8ca632f3951f7ed62a070d5,VERIFIED_AT_COMBINATION
C:/Users/REKALAB-GPU4/Documents/ALICE DSP/new updated dataset/M550/20260521234324_2026339A.MP4,59e934492603b9fafb10ac60848dc3c60e5ef308c452b14453f01aca993dc55b,VERIFIED_AT_COMBINATION
C:/Users/REKALAB-GPU4/Documents/ALICE DSP/new updated dataset/M550/20260521234424_2026341A.MP4,7a04c307d40b9f8e2e70ed445b084ea6d148d7eb8bfa559bcaab4fa3b170f12d,VERIFIED_AT_COMBINATION
C:/Users/REKALAB-GPU4/Documents/ALICE DSP/new updated dataset/M550/20260521234524_2026343A.MP4,c48357caff902d0588efcafa83019f6e85739ed0ab7836806f2a431d0104a18c,VERIFIED_AT_COMBINATION
C:/Users/REKALAB-GPU4/Documents/ALICE DSP/new updated dataset/M550/20260521234624_2026345A.MP4,f9f3a0ad16792857824f06360ba67c652cb574e5b934584a6ddd236cb2e707f0,VERIFIED_AT_COMBINATION
C:/Users/REKALAB-GPU4/Documents/ALICE DSP/new updated dataset/M550/20260521234724_2026347A.MP4,fdf04f90862da817e0f7245d56e56ced52c1c39cb6b05a6962c199f4b5e0a802,VERIFIED_AT_COMBINATION
C:/Users/REKALAB-GPU4/Documents/ALICE DSP/new updated dataset/M550/20260521234824_2026349A.MP4,7bafb3996027347f0b1b0c6b0397815f7bf15ede746327269687bd7bb3b5a8bd,VERIFIED_AT_COMBINATION
C:/Users/REKALAB-GPU4/Documents/ALICE DSP/new updated dataset/M550/20260521234924_2026351A.MP4,d5c6c575382054c56a6bf9873cfb767aa5908f9398c0b77bb54cda6d941d337b,VERIFIED_AT_COMBINATION
C:/Users/REKALAB-GPU4/Documents/ALICE DSP/new updated dataset/M550/20260521235024_2026353A.MP4,5af016e6de382703e7f3d3a9b61556671d2c57c136ebd1fd99751edea9db4097,VERIFIED_AT_COMBINATION
C:/Users/REKALAB-GPU4/Documents/ALICE DSP/new updated dataset/M550/20260521235124_2026355A.MP4,73ab13b78483ad8018e64fc3c65731ba067ce1a8a2afbecceda6e5e9bbb30af0,VERIFIED_AT_COMBINATION
C:/Users/REKALAB-GPU4/Documents/ALICE DSP/new updated dataset/M550/20260521235224_2026357A.MP4,c60e071c74ba048d5db77dd682cfa8849816dfd5472cc821b0a9df6beceaef3a,VERIFIED_AT_COMBINATION
C:/Users/REKALAB-GPU4/Documents/ALICE DSP/new updated dataset/M550/20260521235324_2026359A.MP4,d7b051b243a65a055aba613d62abc800718ac4d824e6116eb6fd86d0edb83008,VERIFIED_AT_COMBINATION
C:/Users/REKALAB-GPU4/Documents/ALICE DSP/new updated dataset/M550/20260521235424_2026361A.MP4,43326dc6faf73446a297dd240ed069f0ad8cf1fbe870e2ab562e1fd386ae16d5,VERIFIED_AT_COMBINATION
